{
    "c4": 27405.689453125,
    "config": {
        "bootstrap_iters": 100000,
        "description_dict": "None",
        "limit": "None",
        "model": "<models.LMClass.LMClass object at 0x7fba6153cdc0>",
        "model_args": "None",
        "num_fewshot": 0
    },
    "ptb": 29755.857421875,
    "results": {
        "arc_challenge": {
            "acc": 0.21928327645051193,
            "acc_norm": 0.2773037542662116,
            "acc_norm_stderr": 0.013082095839059374,
            "acc_stderr": 0.012091245787615728
        },
        "arc_easy": {
            "acc": 0.2474747474747475,
            "acc_norm": 0.25925925925925924,
            "acc_norm_stderr": 0.00899225153580552,
            "acc_stderr": 0.008855114414834712
        },
        "boolq": {
            "acc": 0.44220183486238535,
            "acc_stderr": 0.008686430526114489
        },
        "hellaswag": {
            "acc": 0.2559251145190201,
            "acc_norm": 0.26160127464648475,
            "acc_norm_stderr": 0.00438608368383961,
            "acc_stderr": 0.004354881005789729
        },
        "piqa": {
            "acc": 0.5282916213275299,
            "acc_norm": 0.4972796517954298,
            "acc_norm_stderr": 0.011665651503000737,
            "acc_stderr": 0.01164713417274932
        },
        "winogrande": {
            "acc": 0.4925019731649566,
            "acc_stderr": 0.01405090552122858
        },
        "wikitext": {
            "bits_per_byte": 3.5635320396190133,
            "byte_perplexity": 11.823063835102788,
            "word_perplexity": 544967.8828102512
        }
    },
    "versions": {
        "arc_challenge": 0,
        "arc_easy": 0,
        "boolq": 1,
        "hellaswag": 0,
        "piqa": 0,
        "winogrande": 0
    },
    "wikitext2": 21108.998046875
}