{
    "PPL": {
        "WIKITEXT2 PPL": 18071.160
    },
    "results": {
        "arc_challenge": {
            "acc,none": 0.21075085324232082,
            "acc_stderr,none": 0.011918271754852203,
            "acc_norm,none": 0.28242320819112626,
            "acc_norm_stderr,none": 0.013155456884097222,
            "alias": "arc_challenge"
        },
        "arc_easy": {
            "acc,none": 0.24873737373737373,
            "acc_stderr,none": 0.008870224411653792,
            "acc_norm,none": 0.2689393939393939,
            "acc_norm_stderr,none": 0.009098548093009176,
            "alias": "arc_easy"
        },
        "winogrande": {
            "acc,none": 0.48303078137332284,
            "acc_stderr,none": 0.01404439040161298,
            "alias": "winogrande"
        },
        "boolq": {
            "acc,none": 0.3782874617737003,
            "acc_stderr,none": 0.008482001133931,
            "alias": "boolq"
        },
        "hellaswag": {
            "acc,none": 0.25721967735510853,
            "acc_stderr,none": 0.004362081806560232,
            "acc_norm,none": 0.26269667396932883,
            "acc_norm_stderr,none": 0.004391995637542122,
            "alias": "hellaswag"
        },
        "piqa": {
            "acc,none": 0.5233949945593036,
            "acc_stderr,none": 0.01165304715592779,
            "acc_norm,none": 0.499455930359086,
            "acc_norm_stderr,none": 0.011665817258899168,
            "alias": "piqa"
        },
        "wikitext": {
            "word_perplexity,none": 476878.6179053792,
            "word_perplexity_stderr,none": "N/A",
            "byte_perplexity,none": 11.53162876555606,
            "byte_perplexity_stderr,none": "N/A",
            "bits_per_byte,none": 3.527524393309403,
            "bits_per_byte_stderr,none": "N/A",
            "alias": "wikitext"
        }
    }
}